liga;equipo;año;ingresos_totales;ingresos_matchday;ingresos_broadcasting;ingresos_comerciales;otros;gastos_totales;masa_salarial;endeudamiento;resultado_neto
LaLiga EA Sports;Real Madrid C.F.;2004;236.001;62.575;69.517;85.305;18.604;198.016;123.646;-6.341;6.065
LaLiga EA Sports;Real Madrid C.F.;2005;275.653;70.815;65.149;116.818;22.871;245.372;144.483;-3.438;6.032
LaLiga EA Sports;Real Madrid C.F.;2006;292.216;84.865;72.725;115.955;18.671;258.704;135.945;-1.257;19.541
LaLiga EA Sports;Real Madrid C.F.;2007;350.950;94.384;114.865;124.178;17.523;322.812;167.476;-14.400;35.226
LaLiga EA Sports;Real Madrid C.F.;2008;360.847;115.890;118.534;114.183;12.240;351.620;167.121;-803;35.307
LaLiga EA Sports;Real Madrid C.F.;2009;401.255;116.904;144.450;123.398;16.503;390.045;187.191;38.087;21.477
LaLiga EA Sports;Real Madrid C.F.;2010;438.422;148.593;136.159;122.487;31.183;433.221;192.263;309.459;24.000
LaLiga EA Sports;Real Madrid C.F.;2011;479.316;146.663;155.968;144.966;31.719;436.946;216.099;219.177;23.931
LaLiga EA Sports;Real Madrid C.F.;2012;512.435;150.190;159.192;162.632;40.421;490.204;233.946;159.753;31.523
LaLiga EA Sports;Real Madrid C.F.;2013;518.715;145.786;162.836;160.505;49.588;483.602;245.997;86.625;24.166
LaLiga EA Sports;Real Madrid C.F.;2014;549.321;139.894;162.690;170.647;76.090;531.925;269.597;118.057;36.847
LaLiga EA Sports;Real Madrid C.F.;2015;576.781;151.284;163.484;208.082;53.931;582.344;289.251;175.449;42.018
LaLiga EA Sports;Real Madrid C.F.;2016;619.939;153.730;167.577;212.364;86.268;580.544;306.877;23.926;30.280
LaLiga EA Sports;Real Madrid C.F.;2017;672.894;166.569;165.299;254.138;86.888;698.695;406.109;9.407;21.372
LaLiga EA Sports;Real Madrid C.F.;2018;749.746;174.226;178.413;295.203;101.904;760.349;430.751;-55.085;31.174
LaLiga EA Sports;Real Madrid C.F.;2019;755.601;173.372;172.991;295.172;114.066;755.151;394.221;18.434;38.394
LaLiga EA Sports;Real Madrid C.F.;2020;713.701;126.297;148.570;312.105;126.729;841.289;411.043;397.325;313
LaLiga EA Sports;Real Madrid C.F.;2021;649.689;10.257;207.709;314.226;117.497;770.244;402.957;394.613;874
LaLiga EA Sports;Real Madrid C.F.;2022;719.778;104.303;178.940;290.140;146.395;1.016.133;519.030;318.453;12.936
LaLiga EA Sports;Real Madrid C.F.;2023;831.213;151.843;186.813;329.812;162.745;913.479;452.701;951.274;11.826
LaLiga EA Sports;Real Madrid C.F.;2024;1.055.692;306.970;179.257;406.629;162.836;1.064.065;504.974;1.255.052;15.627
LaLiga EA Sports;Real Madrid C.F.;2025;1.161.022;326.092;162.086;481.164;191.680;1.144.191;514.230;1.383.959;24.322
LaLiga EA Sports;F.C. Barcelona;2004;169.231;;;;13.298;162.476;88.070;164.700;1.494
LaLiga EA Sports;F.C. Barcelona;2005;207.872;;;;13.451;189.493;102.335;203.677;36.715
LaLiga EA Sports;F.C. Barcelona;2006;259.090;;;;23.219;242.305;151.984;173.203;32.981
LaLiga EA Sports;F.C. Barcelona;2007;290.103;;;;16.912;270.638;154.389;149.540;6.821
LaLiga EA Sports;F.C. Barcelona;2008;308.785;;;;20.496;292.630;168.356;191.425;10.069
LaLiga EA Sports;F.C. Barcelona;2009;365.911;;;;22.878;361.702;201.312;63.529;6.652
LaLiga EA Sports;F.C. Barcelona;2010;398.054;;;;26.528;459.241;234.811;163.476;-79.643
LaLiga EA Sports;F.C. Barcelona;2011;450.654;110.705;163.045;143.376;33.528;425.418;240.646;98.811;-9.322
LaLiga EA Sports;F.C. Barcelona;2012;482.999;116.346;160.472;162.361;43.820;423.228;233.312;130.263;48.781
LaLiga EA Sports;F.C. Barcelona;2013;482.588;117.587;161.669;166.474;36.858;425.045;237.817;42.242;32.488
LaLiga EA Sports;F.C. Barcelona;2014;484.639;116.871;160.876;160.162;46.730;451.245;247.752;33.241;41.118
LaLiga EA Sports;F.C. Barcelona;2015;560.697;120.536;162.312;221.713;56.136;568.430;349.539;7.312;15.150
LaLiga EA Sports;F.C. Barcelona;2016;620.115;128.583;168.142;260.055;63.335;599.757;371.735;3.040;28.769
LaLiga EA Sports;F.C. Barcelona;2017;706.927;143.837;177.959;316.393;68.738;628.547;377.934;-30.807;18.134
LaLiga EA Sports;F.C. Barcelona;2018;690.299;164.009;187.383;335.079;3.828;859.722;529.121;125.354;12.930
LaLiga EA Sports;F.C. Barcelona;2019;852.171;174.864;298.122;363.331;15.854;942.697;541.920;294.816;4.527
LaLiga EA Sports;F.C. Barcelona;2020;728.513;136.091;248.489;323.237;20.696;903.230;487.120;514.331;-101.239
LaLiga EA Sports;F.C. Barcelona;2021;590.177;23.663;281.431;270.299;14.784;856.235;489.590;587.685;-481.318
LaLiga EA Sports;F.C. Barcelona;2022;638.838;110.413;250.193;267.175;11.057;789.762;457.246;546.864;97.577
LaLiga EA Sports;F.C. Barcelona;2023;805.656;189.515;215.882;390.135;10.124;1.089.783;625.723;1.474.397;303.711
LaLiga EA Sports;F.C. Barcelona;2024;760.957;115.929;242.246;373.724;29.058;961.606;471.806;1.408.509;-90.542
LaLiga EA Sports;F.C. Barcelona;2025;985.911;150.197;250.499;556.844;28.371;926.108;509.955;1.172.587;-16.949
LaLiga EA Sports;Club Atlético de Madrid;2014;169.866;86.699;45.933;30.202;7.032;171.848;112.945;168.347;1.596
LaLiga EA Sports;Club Atlético de Madrid;2015;175.113;84.355;41.658;34.878;14.222;185.161;105.036;189.921;13.121
LaLiga EA Sports;Club Atlético de Madrid;2016;233.332;110.483;68.737;39.642;14.470;225.785;137.262;270.838;3.944
LaLiga EA Sports;Club Atlético de Madrid;2017;281.398;105.929;99.417;53.095;22.957;311.017;177.775;383.359;4.997
LaLiga EA Sports;Club Atlético de Madrid;2018;353.773;109.880;110.159;72.123;61.611;367.369;211.844;378.347;4.483
LaLiga EA Sports;Club Atlético de Madrid;2019;389.558;152.098;119.385;80.377;37.698;421.497;242.071;446.112;13.958
LaLiga EA Sports;Club Atlético de Madrid;2020;341.395;137.409;114.721;70.713;18.552;423.163;212.572;452.711;11.122
LaLiga EA Sports;Club Atlético de Madrid;2021;347.844;89.897;144.945;90.714;22.288;444.221;247.565;475.685;-86.091
LaLiga EA Sports;Club Atlético de Madrid;2022;407.239;155.105;131.416;91.260;29.458;446.864;254.254;497.001;-22.637
LaLiga EA Sports;Club Atlético de Madrid;2023;396.914;122.407;120.438;113.094;40.975;420.291;244.896;568.566;359
LaLiga EA Sports;Club Atlético de Madrid;2024;420.413;178.206;119.801;90.160;32.246;381.214;267.663;582.014;690
LaLiga EA Sports;Club Atlético de Madrid;2025;447.386;191.275;109.218;113.460;33.433;485.984;279.939;640.028;-5.991
Premier League;Manchester United F.C.;2012;320.320;98.718;103.991;117.611;;274.411;161.688;366.272;23.313
Premier League;Manchester United F.C.;2013;363.189;109.123;101.625;152.441;;304.120;180.523;294.800;146.419
Premier League;Manchester United F.C.;2014;433.164;108.103;135.746;189.315;;367.056;214.803;275.443;23.835
Premier League;Manchester United F.C.;2015;395.178;90.583;107.664;196.931;;384.843;202.561;255.215;-895
Premier League;Manchester United F.C.;2016;515.345;106.587;140.440;268.318;;421.574;232.242;260.898;36.371
Premier League;Manchester United F.C.;2017;581.204;111.635;194.098;275.471;;516.068;263.464;213.087;39.177
Premier League;Manchester United F.C.;2018;590.022;109.786;204.137;276.099;;562.089;295.935;253.746;-37.270
Premier League;Manchester United F.C.;2019;627.122;110.819;241.210;275.093;;583.337;332.356;203.595;18.881
Premier League;Manchester United F.C.;2020;509.041;89.794;140.203;279.044;;522.204;284.029;474.076;-23.233
Premier League;Manchester United F.C.;2021;494.117;7.097;254.815;232.205;;538.424;322.600;419.578;-92.216
Premier League;Manchester United F.C.;2022;583.201;110.534;214.847;257.820;;692.520;384.141;514.899;-115.510
Premier League;Manchester United F.C.;2023;648.401;136.420;209.095;302.886;;681.117;331.374;537.277;-28.678
Premier League;Manchester United F.C.;2024;661.755;137.134;221.745;302.876;;768.530;364.719;473.072;-113.159
Premier League;Manchester United F.C.;2025;666.514;160.263;172.977;333.274;;733.686;313.256;550.869;-33.023
Premier League;Manchester City F.C.;2014;348.287;;;;;366.160;;165.493;-22.929
Premier League;Manchester City F.C.;2015;352.566;;;;;350.613;;98.597;10.749
Premier League;Manchester City F.C.;2016;392.574;;;;;389.773;;159.757;20.483
Premier League;Manchester City F.C.;2017;475.825;;;;;506.004;;222.972;1.088
Premier League;Manchester City F.C.;2018;503.491;;;;;525.654;;213.388;10.438
Premier League;Manchester City F.C.;2019;538.170;;;;;560.314;;101.923;10.079
Premier League;Manchester City F.C.;2020;481.598;;;;;641.179;;289.587;-126.014
Premier League;Manchester City F.C.;2021;571.093;;;;;629.837;;269.265;2.367
Premier League;Manchester City F.C.;2022;619.082;;;;;640.488;;295.270;41.726
Premier League;Manchester City F.C.;2023;718.224;;;;;753.862;;428.024;80.371
Premier League;Manchester City F.C.;2024;719.474;;;;;779.971;;490.583;73.757
Premier League;Manchester City F.C.;2025;696.929;;;;;790.231;;719.827;-9.916
Premier League;Arsenal F.C.;2005;138.395;;;;;120.757;;274.321;8.293
Premier League;Arsenal F.C.;2006;137.237;;;;;141.176;;453.345;7.902
Premier League;Arsenal F.C.;2007;200.843;;;;;177.467;;492.280;2.816
Premier League;Arsenal F.C.;2008;222.970;;;;;196.237;;551.191;25.726
Premier League;Arsenal F.C.;2009;313.339;;;;;274.826;;507.227;35.230
Premier League;Arsenal F.C.;2010;379.856;;;;;344.305;;311.111;60.992
Premier League;Arsenal F.C.;2011;255.692;;;;;233.786;;246.787;12.633
Premier League;Arsenal F.C.;2012;243.013;;;;;259.337;;259.600;29.593
Premier League;Arsenal F.C.;2013;280.374;;;;;308.655;;271.195;5.805
Premier League;Arsenal F.C.;2014;301.872;;;;;291.808;;261.632;7.271
Premier League;Arsenal F.C.;2015;344.524;;;;;336.765;;309.928;20.044
Premier League;Arsenal F.C.;2016;353.539;;;;;353.539;;278.946;1.649
Premier League;Arsenal F.C.;2017;423.957;;;;;371.971;;297.853;35.286
Premier League;Arsenal F.C.;2018;403.269;;;;;445.278;;324.562;56.554
Premier League;Arsenal F.C.;2019;395.559;;;;;428.201;;307.639;-27.074
Premier League;Arsenal F.C.;2020;344.527;;;;;443.486;;428.772;-47.778
Premier League;Arsenal F.C.;2021;328.222;;;;;426.096;;492.254;-107.323
Premier League;Arsenal F.C.;2022;371.907;;;;;432.892;;564.702;-45.482
Premier League;Arsenal F.C.;2023;466.685;;;;;521.929;;705.727;-52.124
Premier League;Arsenal F.C.;2024;616.580;;;;;664.974;;806.994;-17.687
Premier League;Arsenal F.C.;2025;690.998;;;;;754.206;;789.103;-1.377
Serie A;Juventus F.C.;2006;220.312;17.508;127.526;55.399;19.879;203.752;135.341;14.725;-45.986
Serie A;Juventus F.C.;2007;145.151;7.742;92.995;34.497;9.917;142.870;102.890;-21.749;-927
Serie A;Juventus F.C.;2008;186.601;13.980;124.249;41.172;7.200;172.311;120.862;-10.595;-20.787
Serie A;Juventus F.C.;2009;223.161;18.435;150.350;46.133;8.243;191.908;137.762;-25.471;6.582
Serie A;Juventus F.C.;2010;205.065;16.990;132.483;45.678;9.914;172.634;138.202;-4.960;-10.967
Serie A;Juventus F.C.;2011;153.826;11.552;88.711;43.270;10.293;180.127;139.653;123.122;-95.414
Serie A;Juventus F.C.;2012;195.351;31.824;90.581;53.452;19.494;200.021;150.090;131.038;-48.654
Serie A;Juventus F.C.;2013;272.402;38.051;163.477;52.598;18.276;221.511;163.462;163.712;-15.910
Serie A;Juventus F.C.;2014;279.350;40.996;150.965;60.299;27.090;242.782;184.089;209.667;-6.674
Serie A;Juventus F.C.;2015;327.664;54.368;194.710;53.755;24.831;256.765;198.429;192.774;2.298
Serie A;Juventus F.C.;2016;341.495;43.667;194.897;83.517;19.414;289.153;221.482;203.469;4.062
Serie A;Juventus F.C.;2017;411.558;57.835;232.773;93.916;27.034;350.199;261.825;166.603;42.567
Serie A;Juventus F.C.;2018;402.266;56.410;200.169;114.692;30.995;363.153;259.002;313.864;-19.228
Serie A;Juventus F.C.;2019;464.266;70.652;206.642;152.868;34.104;442.940;327.750;463.474;-39.895
Serie A;Juventus F.C.;2020;401.401;49.200;166.378;161.285;24.538;383.000;284.338;390.039;-89.682
Serie A;Juventus F.C.;2021;437.530;7.751;235.310;171.210;23.259;412.005;322.892;389.219;-209.885
Serie A;Juventus F.C.;2022;402.595;32.293;170.517;166.972;32.813;436.497;337.035;153.025;-239.257
Serie A;Juventus F.C.;2023;437.483;61.500;157.161;178.849;39.973;415.565;282.388;339.902;-123.693
Serie A;Juventus F.C.;2024;360.393;57.748;99.728;160.508;42.409;377.900;264.105;242.839;-199.229
Serie A;Juventus F.C.;2025;419.905;65.411;177.389;115.932;61.173;361.893;244.666;302.788;-58.146
Serie A;A.C. Milan;2018;213.671;35.338;100.578;62.471;15.284;352.159;150.397;11.765;-126.019
Serie A;A.C. Milan;2019;215.582;34.112;105.048;56.847;19.575;359.589;184.822;81.757;-145.985
Serie A;A.C. Milan;2020;164.180;23.629;63.385;52.245;24.921;370.756;160.878;103.886;-194.616
Serie A;A.C. Milan;2021;232.711; -   ;138.261;65.228;29.222;331.230;169.687;60.254;-96.416
Serie A;A.C. Milan;2022;287.134;32.544;133.075;82.869;38.646;342.173;170.254;24.197;-66.537
Serie A;A.C. Milan;2023;397.936;72.834;174.907;127.294;22.901;385.461;173.998;-10.821;6.070
Serie A;A.C. Milan;2024;404.709;69.348;152.323;143.449;39.589;438.737;187.284;59.682;5.090
Serie A;A.C. Milan;2025;429.107;69.517;154.200;152.316;53.074;468.051;188.717;108.120;2.994
